title,artist,language,genre,year
Hati-Hati di Jalan,Tulus,id,pop,2022
Monokrom,Tulus,id,pop,2016
Sempurna,Andra and The Backbone,id,pop rock,2007
Kangen,Dewa 19,id,rock,1992
Pupus,Dewa 19,id,pop rock,2000
Separuh Nafas,Dewa 19,id,pop rock,2000
Bintang di Surga,Peterpan,id,pop rock,2004
Mungkin Nanti,Peterpan,id,pop rock,2004
Menghapus Jejakmu,Peterpan,id,pop rock,2004
Separuh Aku,Noah,id,pop rock,2012
Sebuah Kisah Klasik,Sheila on 7,id,pop rock,1999
Dan,Sheila on 7,id,pop rock,1999
Melompat Lebih Tinggi,Sheila on 7,id,pop rock,2000
Anugerah Terindah yang Pernah Kumiliki,Sheila on 7,id,pop rock,2000
Laskar Pelangi,Nidji,id,pop rock,2008
Sandaran Hati,Letto,id,pop rock,2005
Ruang Rindu,Letto,id,pop rock,2007
Kemarin,Seventeen,id,pop rock,2012
Terima Kasih Cinta,Afgan,id,pop,2008
Jangan Menyerah,D'Masiv,id,pop rock,2009
Ya Sudahlah,Bondan Prakoso and Fade2Black,id,pop,2008
Rumah ke Rumah,Hindia,id,pop,2019
Everything u Are,Hindia,id,pop,2019
Secukupnya,Hindia,id,pop,2019
Bertaut,Nadin Amizah,id,pop,2020
Akad,Payung Teduh,id,folk pop,2017
Berdua Saja,Payung Teduh,id,folk,2012
Sampai Jadi Debu,Banda Neira,id,folk,2012
Cinta Luar Biasa,Andmesh,id,pop,2018
Surat Cinta untuk Starla,Virgoun,id,pop,2016
Bukti,Virgoun,id,pop,2017
Waktu yang Salah,Fiersa Besari,id,pop folk,2017
Celengan Rindu,Fiersa Besari,id,pop folk,2017
Serba Salah,Raisa,id,pop,2015
Tetap dalam Jiwa,Isyana Sarasvati,id,pop,2015
Perahu Kertas,Maudy Ayunda,id,pop,2012
Cinta Sejati,Bunga Citra Lestari,id,pop,2012
Lagi Syantik,Siti Badriah,id,dangdut pop,2018
Sial,Mahalini,id,pop,2023
Komang,Raim Laode,id,pop,2023
Tak Segampang Itu,Anggi Marito,id,pop,2022
Takut,Idgitaf,id,pop,2023
Tak Ingin Usai,Keisya Levronka,id,pop,2020
Happy,Pharrell Williams,en,pop,2013
Can't Stop the Feeling!,Justin Timberlake,en,pop,2016
Uptown Funk,Mark Ronson feat. Bruno Mars,en,funk pop,2014
Shake It Off,Taylor Swift,en,pop,2014
Blinding Lights,The Weeknd,en,synth-pop,2019
Levitating,Dua Lipa,en,pop,2020
Walking on Sunshine,Katrina and the Waves,en,pop rock,1985
Lovely Day,Bill Withers,en,soul,1977
Good as Hell,Lizzo,en,pop,2016
Beautiful Day,U2,en,rock,2000
Count on Me,Bruno Mars,en,pop,2010
Dancing Queen,ABBA,en,disco,1976
Three Little Birds,Bob Marley and The Wailers,en,reggae,1977
Here Comes the Sun,The Beatles,en,rock,1969
Take Me Home Country Roads,John Denver,en,country,1971
Home,Michael Buble,en,pop,2005
See You Again,Wiz Khalifa feat. Charlie Puth,en,hip hop pop,2015
Perfect,Ed Sheeran,en,pop,2017
Photograph,Ed Sheeran,en,pop,2014
Thinking Out Loud,Ed Sheeran,en,pop,2014
All of Me,John Legend,en,pop soul,2013
Stand By Me,Ben E. King,en,soul,1961
Lean on Me,Bill Withers,en,soul,1972
Riptide,Vance Joy,en,indie folk,2013
I'm Yours,Jason Mraz,en,acoustic pop,2008
Better Together,Jack Johnson,en,acoustic,2005
Bubbly,Colbie Caillat,en,acoustic pop,2007
Dandelions,Ruth B.,en,pop,2017
Yellow,Coldplay,en,alternative,2000
Viva La Vida,Coldplay,en,alternative,2008
Fix You,Coldplay,en,alternative,2005
Let It Be,The Beatles,en,rock,1970
Let Her Go,Passenger,en,folk,2012
Someone Like You,Adele,en,pop soul,2011
Hello,Adele,en,pop soul,2015
Rolling in the Deep,Adele,en,pop soul,2010
Skinny Love,Bon Iver,en,indie folk,2007
Fast Car,Tracy Chapman,en,folk rock,1988
Someone You Loved,Lewis Capaldi,en,pop,2018
drivers license,Olivia Rodrigo,en,pop,2021
Heather,Conan Gray,en,pop,2020
Happier Than Ever,Billie Eilish,en,alt pop,2021
Creep,Radiohead,en,alternative rock,1992
The Night We Met,Lord Huron,en,indie folk,2015
Eye of the Tiger,Survivor,en,rock,1982
Don't Stop Believin',Journey,en,rock,1981
Lose Yourself,Eminem,en,hip hop,2002
Stronger,Kelly Clarkson,en,pop,2011
Fight Song,Rachel Platten,en,pop,2015
Believer,Imagine Dragons,en,pop rock,2017
Counting Stars,OneRepublic,en,pop rock,2013
Good 4 U,Olivia Rodrigo,en,pop punk,2021
Seven Nation Army,The White Stripes,en,rock,2003
Smells Like Teen Spirit,Nirvana,en,grunge,1991
In the End,Linkin Park,en,nu metal,2001
Stressed Out,Twenty One Pilots,en,alternative,2015
Bohemian Rhapsody,Queen,en,rock,1975
Africa,Toto,en,soft rock,1982
Sunflower,Post Malone and Swae Lee,en,hip hop pop,2018
